"","Run","library_name","Collection_Date","lib"
"256","ERR9862601","",2021-02-01,"-"
"257","ERR9862602","",2021-02-02,"-"
"258","ERR9862603","",2021-02-03,"-"
"259","ERR9862604","",2021-02-04,"-"
"260","ERR9862605","",2021-02-05,"-"
"261","ERR9862606","",2021-02-06,"-"
"262","ERR9862607","",2021-02-07,"-"
"263","ERR9862608","",2021-02-08,"-"
"264","ERR9862609","",2021-02-09,"-"
"265","ERR9862610","",2021-02-10,"-"
"266","ERR9862611","",2021-02-11,"-"
"267","ERR9862612","",2021-02-12,"-"
"268","ERR9862613","",2021-02-13,"-"
"269","ERR9862614","",2021-02-14,"-"
"270","ERR9862615","",2021-02-15,"-"
"271","ERR9862616","",2021-02-16,"-"
"272","ERR9862617","",2021-02-17,"-"
"273","ERR9862618","",2021-02-18,"-"
"274","ERR9862619","",2021-02-19,"-"
"275","ERR9862620","",2021-02-20,"-"
"276","ERR9862621","",2021-02-21,"-"
"277","ERR9862622","",2021-02-22,"-"
"278","ERR9862623","",2021-02-23,"-"
"279","ERR9862624","",2021-02-24,"-"
"280","ERR9862625","",2021-02-25,"-"
"281","ERR9862626","",2021-02-26,"-"
"282","ERR9862627","",2021-02-27,"-"
"283","ERR9862628","",2021-02-28,"-"
"284","ERR9862629","",2021-03-01,"-"
"285","ERR9862630","",2021-03-02,"-"
"286","ERR9862631","",2021-03-03,"-"
"287","ERR9862632","",2021-03-04,"-"
"288","ERR9862633","",2021-03-05,"-"
"289","ERR9862634","",2021-03-06,"-"
"290","ERR9862635","",2021-03-07,"-"
"291","ERR9862636","",2021-03-08,"-"
"292","ERR9862637","",2021-03-09,"-"
"293","ERR9862638","",2021-03-10,"-"
"294","ERR9862639","",2021-03-11,"-"
"295","ERR9862640","",2021-03-12,"-"
"296","ERR9862641","",2021-03-13,"-"
"297","ERR9862642","",2021-03-14,"-"
"298","ERR9862643","",2021-03-15,"-"
"299","ERR9862644","",2021-03-16,"-"
"300","ERR9862645","",2021-03-17,"-"
"301","ERR9862646","",2021-03-18,"-"
"302","ERR9862647","",2021-03-19,"-"
"303","ERR9862648","",2021-03-20,"-"
"304","ERR9862649","",2021-03-21,"-"
"305","ERR9862650","",2021-03-22,"-"
"306","ERR9862651","",2021-03-23,"-"
"307","ERR9862652","",2021-03-24,"-"
"308","ERR9862653","",2021-03-25,"-"
"309","ERR9862654","",2021-03-26,"-"
"310","ERR9862655","",2021-03-27,"-"
"311","ERR9862656","",2021-03-28,"-"
"312","ERR9862657","",2021-03-29,"-"
"313","ERR9862658","",2021-03-30,"-"
"314","ERR9862659","",2021-03-31,"-"
"315","ERR9862660","",2021-04-01,"-"
"316","ERR9862661","",2021-04-02,"-"
"317","ERR9862662","",2021-04-03,"-"
"318","ERR9862663","",2021-04-04,"-"
"319","ERR9862664","",2021-04-05,"-"
"320","ERR9862665","",2021-04-06,"-"
"348","ERR9862823","",2021-04-07,"-"
"350","ERR9862833","",2021-04-08,"-"
"352","ERR9862842","",2021-04-09,"-"
"354","ERR9862852","",2021-04-10,"-"
"342","ERR9862781","",2021-04-11,"-"
"344","ERR9862793","",2021-04-12,"-"
"346","ERR9862805","",2021-04-13,"-"
"321","ERR9862666","",2021-04-14,"-"
"322","ERR9862667","",2021-04-15,"-"
"323","ERR9862668","",2021-04-16,"-"
"324","ERR9862669","",2021-04-17,"-"
"325","ERR9862670","",2021-04-18,"-"
"326","ERR9862671","",2021-04-19,"-"
"327","ERR9862672","",2021-04-20,"-"
"328","ERR9862673","",2021-04-21,"-"
"329","ERR9862674","",2021-04-22,"-"
"330","ERR9862675","",2021-04-23,"-"
"331","ERR9862676","",2021-04-24,"-"
"332","ERR9862677","",2021-04-25,"-"
"333","ERR9862678","",2021-04-26,"-"
"334","ERR9862679","",2021-04-27,"-"
"335","ERR9862680","",2021-04-28,"-"
"336","ERR9862681","",2021-04-29,"-"
"337","ERR9862682","",2021-04-30,"-"
"338","ERR9862683","",2021-05-01,"-"
"339","ERR9862684","",2021-05-02,"-"
"340","ERR9862685","",2021-05-03,"-"
"341","ERR9862686","",2021-05-04,"-"
"349","ERR9862824","",2021-05-05,"-"
"351","ERR9862834","",2021-05-06,"-"
"353","ERR9862843","",2021-05-07,"-"
"355","ERR9862853","",2021-05-08,"-"
"343","ERR9862782","",2021-05-09,"-"
"345","ERR9862794","",2021-05-10,"-"
"347","ERR9862806","",2021-05-11,"-"
"249","ERR9862272","",2021-05-12,"-"
"250","ERR9862273","",2021-05-13,"-"
"251","ERR9862274","",2021-05-14,"-"
"252","ERR9862275","",2021-05-15,"-"
"253","ERR9862276","",2021-05-16,"-"
"254","ERR9862277","",2021-05-17,"-"
"255","ERR9862278","",2021-05-18,"-"
"242","ERR9862230","",2021-05-19,"-"
"243","ERR9862231","",2021-05-20,"-"
"244","ERR9862232","",2021-05-21,"-"
"245","ERR9862233","",2021-05-22,"-"
"246","ERR9862234","",2021-05-23,"-"
"247","ERR9862235","",2021-05-24,"-"
"248","ERR9862236","",2021-05-25,"-"
"236","ERR9862189","",2021-05-26,"-"
"237","ERR9862190","",2021-05-27,"-"
"238","ERR9862191","",2021-05-29,"-"
"239","ERR9862192","",2021-05-30,"-"
"240","ERR9862193","",2021-05-31,"-"
"241","ERR9862194","",2021-06-01,"-"
"229","ERR9862150","",2021-06-02,"-"
"230","ERR9862151","",2021-06-03,"-"
"231","ERR9862152","",2021-06-04,"-"
"232","ERR9862153","",2021-06-05,"-"
"233","ERR9862154","",2021-06-06,"-"
"234","ERR9862155","",2021-06-07,"-"
"235","ERR9862156","",2021-06-08,"-"
"222","ERR9862108","",2021-06-09,"-"
"223","ERR9862109","",2021-06-10,"-"
"224","ERR9862110","",2021-06-11,"-"
"225","ERR9862111","",2021-06-12,"-"
"226","ERR9862112","",2021-06-13,"-"
"227","ERR9862113","",2021-06-14,"-"
"228","ERR9862114","",2021-06-15,"-"
"216","ERR9862067","",2021-06-16,"-"
"217","ERR9862068","",2021-06-18,"-"
"218","ERR9862069","",2021-06-19,"-"
"219","ERR9862070","",2021-06-20,"-"
"220","ERR9862071","",2021-06-21,"-"
"221","ERR9862072","",2021-06-22,"-"
"209","ERR9862033","",2021-06-23,"-"
"210","ERR9862034","",2021-06-24,"-"
"211","ERR9862035","",2021-06-25,"-"
"212","ERR9862036","",2021-06-26,"-"
"213","ERR9862037","",2021-06-27,"-"
"214","ERR9862038","",2021-06-28,"-"
"215","ERR9862039","",2021-06-29,"-"
"202","ERR9861988","",2021-06-30,"-"
"203","ERR9861989","",2021-07-01,"-"
"204","ERR9861990","",2021-07-02,"-"
"205","ERR9861991","",2021-07-03,"-"
"206","ERR9861992","",2021-07-04,"-"
"207","ERR9861993","",2021-07-05,"-"
"208","ERR9861994","",2021-07-06,"-"
"195","ERR9861946","",2021-07-07,"-"
"196","ERR9861947","",2021-07-08,"-"
"197","ERR9861948","",2021-07-09,"-"
"198","ERR9861949","",2021-07-10,"-"
"199","ERR9861950","",2021-07-11,"-"
"200","ERR9861951","",2021-07-12,"-"
"201","ERR9861952","",2021-07-13,"-"
"188","ERR9861904","",2021-07-14,"-"
"189","ERR9861905","",2021-07-15,"-"
"190","ERR9861906","",2021-07-16,"-"
"191","ERR9861907","",2021-07-17,"-"
"192","ERR9861908","",2021-07-18,"-"
"193","ERR9861909","",2021-07-19,"-"
"194","ERR9861910","",2021-07-20,"-"
"181","ERR9861862","",2021-07-21,"-"
"182","ERR9861863","",2021-07-22,"-"
"183","ERR9861864","",2021-07-23,"-"
"184","ERR9861865","",2021-07-24,"-"
"185","ERR9861866","",2021-07-25,"-"
"186","ERR9861867","",2021-07-26,"-"
"187","ERR9861868","",2021-07-27,"-"
"174","ERR9861821","",2021-07-28,"-"
"175","ERR9861822","",2021-07-29,"-"
"176","ERR9861823","",2021-07-30,"-"
"177","ERR9861824","",2021-07-31,"-"
"178","ERR9861825","",2021-08-01,"-"
"179","ERR9861826","",2021-08-02,"-"
"180","ERR9861827","",2021-08-03,"-"
"167","ERR9861783","",2021-08-04,"-"
"168","ERR9861784","",2021-08-05,"-"
"169","ERR9861785","",2021-08-06,"-"
"170","ERR9861786","",2021-08-07,"-"
"171","ERR9861787","",2021-08-08,"-"
"172","ERR9861788","",2021-08-09,"-"
"173","ERR9861789","",2021-08-10,"-"
"164","ERR9861752","",2021-08-15,"-"
"165","ERR9861753","",2021-08-16,"-"
"166","ERR9861754","",2021-08-17,"-"
"157","ERR9861717","",2021-08-18,"-"
"158","ERR9861718","",2021-08-19,"-"
"159","ERR9861719","",2021-08-20,"-"
"160","ERR9861720","",2021-08-21,"-"
"161","ERR9861721","",2021-08-22,"-"
"162","ERR9861722","",2021-08-23,"-"
"163","ERR9861723","",2021-08-24,"-"
"150","ERR9861682","",2021-08-25,"-"
"151","ERR9861683","",2021-08-26,"-"
"152","ERR9861684","",2021-08-27,"-"
"153","ERR9861685","",2021-08-28,"-"
"154","ERR9861686","",2021-08-29,"-"
"155","ERR9861687","",2021-08-30,"-"
"156","ERR9861688","",2021-08-31,"-"
"143","ERR9861647","",2021-09-01,"-"
"144","ERR9861648","",2021-09-02,"-"
"145","ERR9861649","",2021-09-03,"-"
"146","ERR9861650","",2021-09-04,"-"
"147","ERR9861651","",2021-09-05,"-"
"148","ERR9861652","",2021-09-06,"-"
"149","ERR9861653","",2021-09-07,"-"
"136","ERR9861614","",2021-09-08,"-"
"137","ERR9861615","",2021-09-09,"-"
"138","ERR9861616","",2021-09-10,"-"
"139","ERR9861617","",2021-09-11,"-"
"140","ERR9861618","",2021-09-12,"-"
"141","ERR9861619","",2021-09-13,"-"
"142","ERR9861620","",2021-09-14,"-"
"129","ERR9861578","",2021-09-15,"-"
"130","ERR9861579","",2021-09-16,"-"
"131","ERR9861580","",2021-09-17,"-"
"132","ERR9861581","",2021-09-18,"-"
"133","ERR9861582","",2021-09-19,"-"
"134","ERR9861583","",2021-09-20,"-"
"135","ERR9861584","",2021-09-21,"-"
"122","ERR9861547","",2021-09-22,"-"
"123","ERR9861548","",2021-09-23,"-"
"124","ERR9861549","",2021-09-24,"-"
"125","ERR9861550","",2021-09-25,"-"
"126","ERR9861551","",2021-09-26,"-"
"127","ERR9861552","",2021-09-27,"-"
"128","ERR9861553","",2021-09-28,"-"
"115","ERR9861512","",2021-09-29,"-"
"117","ERR9861514","",2021-09-30,"-"
"118","ERR9861515","",2021-10-01,"-"
"116","ERR9861513","",2021-10-02,"-"
"119","ERR9861516","",2021-10-03,"-"
"120","ERR9861517","",2021-10-04,"-"
"121","ERR9861518","",2021-10-05,"-"
"108","ERR9861477","",2021-10-06,"-"
"109","ERR9861478","",2021-10-07,"-"
"110","ERR9861479","",2021-10-08,"-"
"111","ERR9861480","",2021-10-09,"-"
"112","ERR9861481","",2021-10-10,"-"
"113","ERR9861482","",2021-10-11,"-"
"114","ERR9861483","",2021-10-12,"-"
"101","ERR9861442","",2021-10-13,"-"
"102","ERR9861443","",2021-10-14,"-"
"103","ERR9861444","",2021-10-15,"-"
"104","ERR9861445","",2021-10-16,"-"
"105","ERR9861446","",2021-10-17,"-"
"106","ERR9861447","",2021-10-18,"-"
"107","ERR9861448","",2021-10-19,"-"
"94","ERR9861407","",2021-10-20,"-"
"95","ERR9861408","",2021-10-21,"-"
"96","ERR9861409","",2021-10-22,"-"
"97","ERR9861410","",2021-10-23,"-"
"98","ERR9861411","",2021-10-24,"-"
"99","ERR9861412","",2021-10-25,"-"
"100","ERR9861413","",2021-10-26,"-"
"87","ERR9861372","",2021-10-27,"-"
"88","ERR9861373","",2021-10-28,"-"
"89","ERR9861374","",2021-10-29,"-"
"90","ERR9861375","",2021-10-30,"-"
"91","ERR9861376","",2021-10-31,"-"
"92","ERR9861377","",2021-11-01,"-"
"93","ERR9861378","",2021-11-02,"-"
"80","ERR9861337","",2021-11-03,"-"
"81","ERR9861338","",2021-11-04,"-"
"82","ERR9861339","",2021-11-05,"-"
"83","ERR9861340","",2021-11-06,"-"
"84","ERR9861341","",2021-11-07,"-"
"85","ERR9861342","",2021-11-08,"-"
"86","ERR9861343","",2021-11-09,"-"
"71","ERR9861292","",2021-11-10,"-"
"78","ERR9861312","",2021-11-10,"-"
"72","ERR9861293","",2021-11-11,"-"
"73","ERR9861294","",2021-11-12,"-"
"74","ERR9861295","",2021-11-13,"-"
"75","ERR9861296","",2021-11-14,"-"
"79","ERR9861313","",2021-11-14,"-"
"76","ERR9861297","",2021-11-15,"-"
"77","ERR9861298","",2021-11-16,"-"
"64","ERR9861257","",2021-11-17,"-"
"65","ERR9861258","",2021-11-18,"-"
"66","ERR9861259","",2021-11-19,"-"
"67","ERR9861260","",2021-11-20,"-"
"68","ERR9861261","",2021-11-21,"-"
"69","ERR9861262","",2021-11-22,"-"
"70","ERR9861263","",2021-11-23,"-"
"57","ERR9861221","",2021-11-24,"-"
"58","ERR9861222","",2021-11-25,"-"
"59","ERR9861223","",2021-11-26,"-"
"60","ERR9861224","",2021-11-27,"-"
"61","ERR9861225","",2021-11-28,"-"
"62","ERR9861226","",2021-11-29,"-"
"63","ERR9861227","",2021-11-30,"-"
"1","ERR12397855","SARS-CoV-2 ARTIC V3",2021-12-01,"v3"
"2","ERR12397856","SARS-CoV-2 ARTIC V3",2021-12-02,"v3"
"3","ERR12397857","SARS-CoV-2 ARTIC V3",2021-12-03,"v3"
"4","ERR12397858","SARS-CoV-2 ARTIC V3",2021-12-04,"v3"
"5","ERR12397859","SARS-CoV-2 ARTIC V3",2021-12-05,"v3"
"6","ERR12397860","SARS-CoV-2 ARTIC V3",2021-12-06,"v3"
"7","ERR12397861","SARS-CoV-2 ARTIC V3",2021-12-07,"v3"
"8","ERR12397862","SARS-CoV-2 ARTIC V3",2021-12-08,"v3"
"9","ERR12397863","SARS-CoV-2 ARTIC V3",2021-12-09,"v3"
"10","ERR12397864","SARS-CoV-2 ARTIC V3",2021-12-10,"v3"
"11","ERR12397865","SARS-CoV-2 ARTIC V3",2021-12-11,"v3"
"12","ERR12397866","SARS-CoV-2 ARTIC V3",2021-12-12,"v3"
"13","ERR12397867","SARS-CoV-2 ARTIC V3",2021-12-13,"v3"
"14","ERR12397868","SARS-CoV-2 ARTIC V3",2021-12-14,"v3"
"15","ERR12397869","SARS-CoV-2 ARTIC V4",2021-12-15,"v4"
"16","ERR12397870","SARS-CoV-2 ARTIC V4",2021-12-16,"v4"
"17","ERR12397871","SARS-CoV-2 ARTIC V4",2021-12-17,"v4"
"18","ERR12397872","SARS-CoV-2 ARTIC V4",2021-12-18,"v4"
"19","ERR12397873","SARS-CoV-2 ARTIC V4",2021-12-19,"v4"
"20","ERR12397874","SARS-CoV-2 ARTIC V4",2021-12-20,"v4"
"21","ERR12397875","SARS-CoV-2 ARTIC V4",2021-12-21,"v4"
"22","ERR12397876","SARS-CoV-2 ARTIC V4",2021-12-22,"v4"
"23","ERR12397877","SARS-CoV-2 ARTIC V4",2021-12-23,"v4"
"24","ERR12397878","SARS-CoV-2 ARTIC V4",2021-12-24,"v4"
"25","ERR12397879","SARS-CoV-2 ARTIC V4",2021-12-25,"v4"
"26","ERR12397880","SARS-CoV-2 ARTIC V4",2021-12-26,"v4"
"27","ERR12397881","SARS-CoV-2 ARTIC V3",2021-12-27,"v3"
"28","ERR12397882","SARS-CoV-2 ARTIC V3",2021-12-28,"v3"
"29","ERR12397883","SARS-CoV-2 ARTIC V3",2021-12-29,"v3"
"30","ERR12397884","SARS-CoV-2 ARTIC V3",2021-12-30,"v3"
"31","ERR12397885","SARS-CoV-2 ARTIC V3",2021-12-31,"v3"
"32","ERR12397886","SARS-CoV-2 ARTIC V3",2022-01-01,"v3"
"33","ERR12397887","SARS-CoV-2 ARTIC V3",2022-01-02,"v3"
"34","ERR12397888","SARS-CoV-2 ARTIC V3",2022-01-03,"v3"
"35","ERR12397889","SARS-CoV-2 ARTIC V3",2022-01-04,"v3"
"36","ERR12397890","SARS-CoV-2 ARTIC V4",2022-01-05,"v4"
"37","ERR12397891","SARS-CoV-2 ARTIC V4",2022-01-06,"v4"
"38","ERR12397892","SARS-CoV-2 ARTIC V4",2022-01-07,"v4"
"39","ERR12397893","SARS-CoV-2 ARTIC V4",2022-01-08,"v4"
"40","ERR12397894","SARS-CoV-2 ARTIC V4",2022-01-09,"v4"
"41","ERR12397895","SARS-CoV-2 ARTIC V4",2022-01-10,"v4"
"42","ERR13106221","SARS-CoV-2 ARTIC V4",2022-01-11,"v4"
"43","ERR13106294","SARS-CoV-2 ARTIC V4",2022-01-12,"v4"
"44","ERR13106299","SARS-CoV-2 ARTIC V4",2022-01-13,"v4"
"45","ERR13106320","SARS-CoV-2 ARTIC V4",2022-01-14,"v4"
"46","ERR13106325","SARS-CoV-2 ARTIC V4",2022-01-15,"v4"
"48","ERR13106379","SARS-CoV-2 ARTIC V4",2022-01-16,"v4"
"49","ERR13106385","SARS-CoV-2 ARTIC V4",2022-01-17,"v4"
"50","ERR13106391","SARS-CoV-2 ARTIC V4",2022-01-18,"v4"
"53","ERR13107138","SARS-CoV-2 ARTIC V4",2022-01-19,"v4"
"54","ERR13107146","SARS-CoV-2 ARTIC V4",2022-01-20,"v4"
"55","ERR13107151","SARS-CoV-2 ARTIC V4",2022-01-21,"v4"
"56","ERR13107159","SARS-CoV-2 ARTIC V4",2022-01-22,"v4"
"47","ERR13106331","SARS-CoV-2 ARTIC V4",2022-01-23,"v4"
"51","ERR13106407","SARS-CoV-2 ARTIC V4",2022-01-24,"v4"
"52","ERR13106415","SARS-CoV-2 ARTIC V4",2022-01-25,"v4"
