"","run_accession","library_name","Collection_Date","lib"
"79","ERR12397691","SARS-CoV-2 ARTIC V3",2021-11-27,"v3"
"80","ERR12397774","SARS-CoV-2 ARTIC V3",2021-11-29,"v3"
"81","ERR12397777","SARS-CoV-2 ARTIC V3",2021-12-02,"v3"
"82","ERR12397778","SARS-CoV-2 ARTIC V3",2021-12-03,"v3"
"83","ERR12397779","SARS-CoV-2 ARTIC V3",2021-12-04,"v3"
"84","ERR12397784","SARS-CoV-2 ARTIC V3",2021-12-09,"v3"
"85","ERR12397785","SARS-CoV-2 ARTIC V3",2021-12-10,"v3"
"86","ERR12397787","SARS-CoV-2 ARTIC V3",2021-12-14,"v3"
"87","ERR12397789","SARS-CoV-2 ARTIC V4",2021-12-16,"v4"
"88","ERR12397792","SARS-CoV-2 ARTIC V4",2021-12-19,"v4"
"89","ERR12397793","SARS-CoV-2 ARTIC V4",2021-12-20,"v4"
"90","ERR12397796","SARS-CoV-2 ARTIC V4",2021-12-23,"v4"
"91","ERR12397798","SARS-CoV-2 ARTIC V4",2021-12-25,"v4"
"92","ERR12397801","SARS-CoV-2 ARTIC V3",2021-12-28,"v3"
"93","ERR12397804","SARS-CoV-2 ARTIC V3",2021-12-31,"v3"
"94","ERR12397806","SARS-CoV-2 ARTIC V3",2022-01-02,"v3"
"805","ERR12397690","SARS-CoV-2 ARTIC V3",2021-11-26,"v3"
"808","ERR12397776","SARS-CoV-2 ARTIC V3",2021-12-01,"v3"
"810","ERR12397781","SARS-CoV-2 ARTIC V3",2021-12-06,"v3"
"813","ERR12397786","SARS-CoV-2 ARTIC V3",2021-12-13,"v3"
"815","ERR12397790","SARS-CoV-2 ARTIC V4",2021-12-17,"v4"
"817","ERR12397791","SARS-CoV-2 ARTIC V4",2021-12-18,"v4"
"819","ERR12397794","SARS-CoV-2 ARTIC V4",2021-12-21,"v4"
"821","ERR12397799","SARS-CoV-2 ARTIC V4",2021-12-26,"v4"
"823","ERR12397803","SARS-CoV-2 ARTIC V3",2021-12-30,"v3"
"825","ERR12397807","SARS-CoV-2 ARTIC V4",2022-01-03,"v4"
"827","ERR12397808","SARS-CoV-2 ARTIC V4",2022-01-04,"v4"
"830","ERR12397809","SARS-CoV-2 ARTIC V4",2022-01-06,"v4"
"833","ERR12397810","SARS-CoV-2 ARTIC V4",2022-01-07,"v4"
"836","ERR12397811","SARS-CoV-2 ARTIC V4",2022-01-08,"v4"
"1451","ERR12832268","SARS-CoV-2 ARTIC V4.1",2022-07-07,"-"
"1566","ERR12832626","SARS-CoV-2 ARTIC V4.1",2022-07-11,"-"
"1687","ERR12833862","SARS-CoV-2 ARTIC V4.1",2022-07-05,"-"
"1841","ERR12834399","SARS-CoV-2 ARTIC V4.1",2022-07-02,"-"
"1964","ERR12834574","SARS-CoV-2 ARTIC V4.1",2022-06-22,"-"
"2022","ERR12834704","SARS-CoV-2 ARTIC V4.1",2022-07-01,"-"
"2214","ERR12861346","SARS-CoV-2 ARTIC V4.1",2022-06-27,"-"
"2284","ERR12865388","SARS-CoV-2 ARTIC V4.1",2022-07-26,"-"
"2299","ERR12865569","SARS-CoV-2 ARTIC V4.1",2022-06-06,"-"
"2306","ERR12865605","SARS-CoV-2 ARTIC V4.1",2022-05-26,"-"
"2307","ERR12865618","SARS-CoV-2 ARTIC V4.1",2022-05-27,"-"
"2327","ERR12865725","SARS-CoV-2 ARTIC V4.1",2022-06-21,"-"
"2337","ERR12865750","SARS-CoV-2 ARTIC V4.1",2022-06-17,"-"
"2346","ERR12865769","SARS-CoV-2 ARTIC V4.1",2022-06-08,"-"
"2351","ERR12865784","SARS-CoV-2 ARTIC V4.1",2022-06-14,"-"
"2355","ERR12865793","SARS-CoV-2 ARTIC V4.1",2022-06-13,"-"
"2359","ERR12865801","SARS-CoV-2 ARTIC V4.1",2022-06-12,"-"
"2367","ERR12865865","SARS-CoV-2 ARTIC V4.1",2022-06-01,"-"
"2371","ERR12865907","SARS-CoV-2 ARTIC V4.1",2022-06-10,"-"
"2372","ERR12865912","SARS-CoV-2 ARTIC V4.1",2022-05-17,"-"
"2380","ERR12867181","SARS-CoV-2 ARTIC V4.1",2022-05-28,"-"
"2460","ERR13108605","SARS-CoV-2 ARTIC V4",2022-02-21,"v4"
"2465","ERR13108620","SARS-CoV-2 ARTIC V4",2022-02-15,"v4"
"2472","ERR13108675","SARS-CoV-2 ARTIC V4",2022-02-09,"v4"
"2543","ERR13102050","SARS-CoV-2 ARTIC V4.1",2022-05-12,"-"
"2577","ERR13102097","SARS-CoV-2 ARTIC V4",2022-05-09,"v4"
"2587","ERR13102125","SARS-CoV-2 ARTIC V4",2022-05-05,"v4"
"2599","ERR13102139","SARS-CoV-2 ARTIC V4",2022-04-30,"v4"
"2645","ERR13103796","SARS-CoV-2 ARTIC V4.1",2022-05-14,"-"
"2659","ERR13103917","SARS-CoV-2 ARTIC V4",2022-02-16,"v4"
"2668","ERR13103939","SARS-CoV-2 ARTIC V4",2022-03-12,"v4"
"2708","ERR13103986","SARS-CoV-2 ARTIC V4",2022-02-26,"v4"
"2726","ERR13104039","SARS-CoV-2 ARTIC V4",2022-03-06,"v4"
"2761","ERR13104084","SARS-CoV-2 ARTIC V4",2022-03-09,"v4"
"2766","ERR13104094","SARS-CoV-2 ARTIC V4",2022-03-03,"v4"
"2779","ERR13104110","SARS-CoV-2 ARTIC V4",2022-03-18,"v4"
"2794","ERR13104126","SARS-CoV-2 ARTIC V4",2022-03-16,"v4"
"2797","ERR13104132","SARS-CoV-2 ARTIC V4",2022-03-17,"v4"
"2807","ERR13104142","SARS-CoV-2 ARTIC V4",2022-03-25,"v4"
"2831","ERR13104305","SARS-CoV-2 ARTIC V4",2022-03-20,"v4"
"2844","ERR13104323","SARS-CoV-2 ARTIC V4",2022-03-22,"v4"
"2865","ERR13104532","SARS-CoV-2 ARTIC V4",2022-03-24,"v4"
"2881","ERR13104973","SARS-CoV-2 ARTIC V4",2022-04-06,"v4"
"2894","ERR13104988","SARS-CoV-2 ARTIC V4",2022-04-04,"v4"
"2905","ERR13105006","SARS-CoV-2 ARTIC V4",2022-03-30,"v4"
"2910","ERR13105039","SARS-CoV-2 ARTIC V4",2022-03-31,"v4"
"2937","ERR13105493","SARS-CoV-2 ARTIC V4",2022-04-17,"v4"
"2954","ERR13105523","SARS-CoV-2 ARTIC V4",2022-04-14,"v4"
"2980","ERR13105647","SARS-CoV-2 ARTIC V4",2022-04-23,"v4"
"2996","ERR13105687","SARS-CoV-2 ARTIC V4",2022-04-21,"v4"
"3006","ERR13106168","SARS-CoV-2 ARTIC V4",2022-05-01,"v4"
"3011","ERR13106172","SARS-CoV-2 ARTIC V4",2022-05-02,"v4"
"3016","ERR13106185","SARS-CoV-2 ARTIC V3",2021-11-11,"v3"
"3030","ERR13106220","SARS-CoV-2 ARTIC V4",2022-01-11,"v4"
"3066","ERR13106266","SARS-CoV-2 ARTIC V3",2021-11-01,"v3"
"3068","ERR13106271","SARS-CoV-2 ARTIC V3",2021-11-06,"v3"
"3070","ERR13106275","SARS-CoV-2 ARTIC V3",2021-11-03,"v3"
"3071","ERR13106276","SARS-CoV-2 ARTIC V3",2021-11-04,"v3"
"3073","ERR13106278","SARS-CoV-2 ARTIC V3",2021-11-13,"v3"
"3075","ERR13106279","SARS-CoV-2 ARTIC V3",2021-11-14,"v3"
"3080","ERR13106288","SARS-CoV-2 ARTIC V4",2022-01-17,"v4"
"3093","ERR13106329","SARS-CoV-2 ARTIC V4",2022-01-21,"v4"
"3111","ERR13106377","SARS-CoV-2 ARTIC V4",2022-01-14,"v4"
"3123","ERR13106383","SARS-CoV-2 ARTIC V4",2022-01-15,"v4"
"3136","ERR13106389","SARS-CoV-2 ARTIC V4",2022-01-16,"v4"
"3151","ERR13106418","SARS-CoV-2 ARTIC V4",2022-01-24,"v4"
"3162","ERR13107137","SARS-CoV-2 ARTIC V4",2022-01-25,"v4"
"3185","ERR13107165","SARS-CoV-2 ARTIC V4",2022-02-02,"v4"
"3206","ERR13107215","SARS-CoV-2 ARTIC V4",2022-02-06,"v4"
"3220","ERR13107469","SARS-CoV-2 ARTIC V4",2022-02-08,"v4"
"3240","ERR13108592","SARS-CoV-2 ARTIC V4",2022-02-19,"v4"
"3245","ERR13108599","SARS-CoV-2 ARTIC V4",2022-02-20,"v4"
"3442","ERR12832277","SARS-CoV-2 ARTIC V4.1",2022-07-22,"-"
"3502","ERR12832339","SARS-CoV-2 ARTIC V4.1",2022-06-30,"-"
"3539","ERR12832559","SARS-CoV-2 ARTIC V4.1",2022-07-10,"-"
"3718","ERR12833802","SARS-CoV-2 ARTIC V4.1",2022-07-03,"-"
"4302","ERR12861311","SARS-CoV-2 ARTIC V4.1",2022-06-24,"-"
"4313","ERR12861334","SARS-CoV-2 ARTIC V4.1",2022-06-25,"-"
"4321","ERR12861341","SARS-CoV-2 ARTIC V4.1",2022-06-26,"-"
"4333","ERR12861971","SARS-CoV-2 ARTIC V4.1",2022-06-28,"-"
"4370","ERR12862317","SARS-CoV-2 ARTIC V4.1",2022-08-01,"-"
"4391","ERR12862793","SARS-CoV-2 ARTIC V4.1",2022-07-30,"-"
"4398","ERR12862866","SARS-CoV-2 ARTIC V4.1",2022-07-25,"-"
"4406","ERR12862885","SARS-CoV-2 ARTIC V4.1",2022-07-29,"-"
"4419","ERR12865413","SARS-CoV-2 ARTIC V4.1",2022-07-12,"-"
"4426","ERR12865449","SARS-CoV-2 ARTIC V4.1",2022-06-03,"-"
"4436","ERR12865584","SARS-CoV-2 ARTIC V4.1",2022-06-04,"-"
"4442","ERR12865596","SARS-CoV-2 ARTIC V4.1",2022-06-05,"-"
"4478","ERR12865683","SARS-CoV-2 ARTIC V4.1",2022-06-16,"-"
"4484","ERR12865734","SARS-CoV-2 ARTIC V4.1",2022-06-20,"-"
"4497","ERR12865766","SARS-CoV-2 ARTIC V4.1",2022-06-19,"-"
"4504","ERR12865780","SARS-CoV-2 ARTIC V4.1",2022-06-18,"-"
"4514","ERR12865799","SARS-CoV-2 ARTIC V4.1",2022-06-11,"-"
"4541","ERR12865870","SARS-CoV-2 ARTIC V4.1",2022-05-24,"-"
"4558","ERR12867557","SARS-CoV-2 ARTIC V4.1",2022-05-19,"-"
"4563","ERR12867606","SARS-CoV-2 ARTIC V4.1",2022-05-21,"-"
"4567","ERR12867727","SARS-CoV-2 ARTIC V4.1",2022-05-20,"-"
"4787","ERR13102143","SARS-CoV-2 ARTIC V4.1",2022-05-17,"-"
"4807","ERR13103897","SARS-CoV-2 ARTIC V4.1",2022-05-15,"-"
"4810","ERR13103904","SARS-CoV-2 ARTIC V4.1",2022-05-16,"-"
"4824","ERR13103937","SARS-CoV-2 ARTIC V4",2022-03-05,"v4"
"4826","ERR13103944","SARS-CoV-2 ARTIC V4",2022-03-01,"v4"
"4832","ERR13103954","SARS-CoV-2 ARTIC V4",2022-02-23,"v4"
"4837","ERR13103960","SARS-CoV-2 ARTIC V4",2022-02-24,"v4"
"4849","ERR13103969","SARS-CoV-2 ARTIC V4",2022-03-04,"v4"
"4869","ERR13104000","SARS-CoV-2 ARTIC V4",2022-02-28,"v4"
"4878","ERR13104040","SARS-CoV-2 ARTIC V4",2022-03-13,"v4"
"4879","ERR12397688","SARS-CoV-2 ARTIC V3",2021-11-24,"v3"
"4882","ERR13104051","SARS-CoV-2 ARTIC V4",2022-03-07,"v4"
"4883","ERR12397689","SARS-CoV-2 ARTIC V3",2021-11-25,"v3"
"4884","ERR13104052","SARS-CoV-2 ARTIC V4",2022-03-14,"v4"
"4887","ERR12397773","SARS-CoV-2 ARTIC V3",2021-11-28,"v3"
"4891","ERR12397780","SARS-CoV-2 ARTIC V3",2021-12-05,"v3"
"4892","ERR13104063","SARS-CoV-2 ARTIC V4",2022-03-08,"v4"
"4893","ERR13104064","SARS-CoV-2 ARTIC V4",2022-03-15,"v4"
"4895","ERR12397782","SARS-CoV-2 ARTIC V3",2021-12-07,"v3"
"4898","ERR12397783","SARS-CoV-2 ARTIC V3",2021-12-08,"v3"
"4902","ERR12397788","SARS-CoV-2 ARTIC V4",2021-12-15,"v4"
"4907","ERR12397795","SARS-CoV-2 ARTIC V4",2021-12-22,"v4"
"4909","ERR13104083","SARS-CoV-2 ARTIC V4",2022-03-02,"v4"
"4910","ERR12397797","SARS-CoV-2 ARTIC V4",2021-12-24,"v4"
"4916","ERR12397800","SARS-CoV-2 ARTIC V3",2021-12-27,"v3"
"4919","ERR12397802","SARS-CoV-2 ARTIC V3",2021-12-29,"v3"
"4924","ERR12397805","SARS-CoV-2 ARTIC V3",2022-01-01,"v3"
"4929","ERR12397812","SARS-CoV-2 ARTIC V4",2022-01-09,"v4"
"4933","ERR12397813","SARS-CoV-2 ARTIC V4",2022-01-10,"v4"
"4972","ERR13104527","SARS-CoV-2 ARTIC V4",2022-03-23,"v4"
"4981","ERR13104882","SARS-CoV-2 ARTIC V4",2022-04-12,"v4"
"5012","ERR13105477","SARS-CoV-2 ARTIC V4",2022-04-02,"v4"
"5023","ERR13105499","SARS-CoV-2 ARTIC V4",2022-04-18,"v4"
"5027","ERR13105504","SARS-CoV-2 ARTIC V4",2022-04-19,"v4"
"5038","ERR13105514","SARS-CoV-2 ARTIC V4",2022-04-13,"v4"
"5091","ERR13105641","SARS-CoV-2 ARTIC V4",2022-04-22,"v4"
"5096","ERR13105656","SARS-CoV-2 ARTIC V4",2022-04-24,"v4"
"5120","ERR13105677","SARS-CoV-2 ARTIC V4",2022-04-20,"v4"
"5145","ERR13106178","SARS-CoV-2 ARTIC V4",2022-05-03,"v4"
"5154","ERR13106183","SARS-CoV-2 ARTIC V3",2021-11-10,"v3"
"5155","ERR13106186","SARS-CoV-2 ARTIC V3",2021-11-04,"v3"
"5227","ERR13106267","SARS-CoV-2 ARTIC V3",2021-11-02,"v3"
"5230","ERR13106274","SARS-CoV-2 ARTIC V3",2021-11-09,"v3"
"5231","ERR13106277","SARS-CoV-2 ARTIC V3",2021-11-12,"v3"
"5232","ERR13106281","SARS-CoV-2 ARTIC V4",2022-02-04,"v4"
"5239","ERR13106287","SARS-CoV-2 ARTIC V4",2022-02-05,"v4"
"5248","ERR13106323","SARS-CoV-2 ARTIC V4",2022-01-13,"v4"
"5259","ERR13106405","SARS-CoV-2 ARTIC V4",2022-01-22,"v4"
"5273","ERR13107157","SARS-CoV-2 ARTIC V4",2022-01-20,"v4"
"5278","ERR13107179","SARS-CoV-2 ARTIC V4",2022-02-11,"v4"
"5286","ERR13107192","SARS-CoV-2 ARTIC V4",2022-02-12,"v4"
"5290","ERR13107214","SARS-CoV-2 ARTIC V4",2022-02-14,"v4"
"5302","ERR13108583","SARS-CoV-2 ARTIC V4",2022-02-18,"v4"
"5314","ERR13108610","SARS-CoV-2 ARTIC V4",2022-02-22,"v4"
"5317","ERR13109724","SARS-CoV-2 ARTIC V4",2022-02-10,"v4"
"6847","ERR12832263","SARS-CoV-2 ARTIC V4.1",2022-07-06,"-"
"6855","ERR12832301","SARS-CoV-2 ARTIC V4.1",2022-07-09,"-"
"6905","ERR12832629","SARS-CoV-2 ARTIC V4.1",2022-07-08,"-"
"6942","ERR12833609","SARS-CoV-2 ARTIC V4.1",2022-07-04,"-"
"7023","ERR12833920","SARS-CoV-2 ARTIC V4.1",2022-06-29,"-"
"7163","ERR12834629","SARS-CoV-2 ARTIC V4.1",2022-06-23,"-"
"7317","ERR12862244","SARS-CoV-2 ARTIC V4.1",2022-07-27,"-"
"7324","ERR12862528","SARS-CoV-2 ARTIC V4.1",2022-07-28,"-"
"7333","ERR12862835","SARS-CoV-2 ARTIC V4.1",2022-07-20,"-"
"7335","ERR12862851","SARS-CoV-2 ARTIC V4.1",2022-07-21,"-"
"7336","ERR12862854","SARS-CoV-2 ARTIC V4.1",2022-07-24,"-"
"7340","ERR12862891","SARS-CoV-2 ARTIC V4.1",2022-07-31,"-"
"7342","ERR12862902","SARS-CoV-2 ARTIC V4.1",2022-07-23,"-"
"7349","ERR12865423","SARS-CoV-2 ARTIC V4.1",2022-05-18,"-"
"7354","ERR12865559","SARS-CoV-2 ARTIC V4.1",2022-05-31,"-"
"7357","ERR12865579","SARS-CoV-2 ARTIC V4.1",2022-05-25,"-"
"7382","ERR12865688","SARS-CoV-2 ARTIC V4.1",2022-06-15,"-"
"7400","ERR12865763","SARS-CoV-2 ARTIC V4.1",2022-06-09,"-"
"7410","ERR12865806","SARS-CoV-2 ARTIC V4.1",2022-05-30,"-"
"7411","ERR12865808","SARS-CoV-2 ARTIC V4.1",2022-05-29,"-"
"7415","ERR12865828","SARS-CoV-2 ARTIC V4.1",2022-06-02,"-"
"7428","ERR12866016","SARS-CoV-2 ARTIC V4.1",2022-06-07,"-"
"7433","ERR12867563","SARS-CoV-2 ARTIC V4.1",2022-05-22,"-"
"7434","ERR12867700","SARS-CoV-2 ARTIC V4.1",2022-05-23,"-"
"7524","ERR13098626","SARS-CoV-2 ARTIC V4.1",2022-05-11,"-"
"7536","ERR13102077","SARS-CoV-2 ARTIC V4",2022-05-06,"v4"
"7537","ERR13102083","SARS-CoV-2 ARTIC V4",2022-05-07,"v4"
"7540","ERR13102090","SARS-CoV-2 ARTIC V4",2022-05-08,"v4"
"7542","ERR13102102","SARS-CoV-2 ARTIC V4",2022-05-10,"v4"
"7545","ERR13102117","SARS-CoV-2 ARTIC V4",2022-05-04,"v4"
"7550","ERR13102135","SARS-CoV-2 ARTIC V4",2022-04-29,"v4"
"7561","ERR13103730","SARS-CoV-2 ARTIC V4.1",2022-05-13,"-"
"7568","ERR13103925","SARS-CoV-2 ARTIC V4",2022-02-17,"v4"
"7572","ERR13103933","SARS-CoV-2 ARTIC V4",2022-02-25,"v4"
"7577","ERR13103970","SARS-CoV-2 ARTIC V4",2022-03-11,"v4"
"7584","ERR13103994","SARS-CoV-2 ARTIC V4",2022-02-27,"v4"
"7602","ERR13104095","SARS-CoV-2 ARTIC V4",2022-03-10,"v4"
"7604","ERR13104119","SARS-CoV-2 ARTIC V4",2022-03-19,"v4"
"7610","ERR13104200","SARS-CoV-2 ARTIC V4",2022-03-26,"v4"
"7613","ERR13104276","SARS-CoV-2 ARTIC V4",2022-03-27,"v4"
"7618","ERR13104315","SARS-CoV-2 ARTIC V4",2022-03-21,"v4"
"7623","ERR13104512","SARS-CoV-2 ARTIC V4",2022-03-29,"v4"
"7635","ERR13104975","SARS-CoV-2 ARTIC V4",2022-03-28,"v4"
"7636","ERR13104982","SARS-CoV-2 ARTIC V4",2022-04-03,"v4"
"7641","ERR13104993","SARS-CoV-2 ARTIC V4",2022-04-05,"v4"
"7650","ERR13105054","SARS-CoV-2 ARTIC V4",2022-04-08,"v4"
"7653","ERR13105462","SARS-CoV-2 ARTIC V4",2022-04-09,"v4"
"7655","ERR13105469","SARS-CoV-2 ARTIC V4",2022-04-01,"v4"
"7658","ERR13105478","SARS-CoV-2 ARTIC V4",2022-04-15,"v4"
"7660","ERR13105488","SARS-CoV-2 ARTIC V4",2022-04-16,"v4"
"7673","ERR13105618","SARS-CoV-2 ARTIC V4",2022-04-10,"v4"
"7675","ERR13105626","SARS-CoV-2 ARTIC V4",2022-04-11,"v4"
"7677","ERR13105633","SARS-CoV-2 ARTIC V4",2022-04-07,"v4"
"7685","ERR13105660","SARS-CoV-2 ARTIC V4",2022-04-25,"v4"
"7687","ERR13105665","SARS-CoV-2 ARTIC V4",2022-04-26,"v4"
"7693","ERR13106182","SARS-CoV-2 ARTIC V3",2021-11-16,"v3"
"7713","ERR13106270","SARS-CoV-2 ARTIC V3",2021-11-05,"v3"
"7714","ERR13106272","SARS-CoV-2 ARTIC V3",2021-11-07,"v3"
"7715","ERR13106273","SARS-CoV-2 ARTIC V3",2021-11-08,"v3"
"7716","ERR13106280","SARS-CoV-2 ARTIC V3",2021-11-15,"v3"
"7721","ERR13106293","SARS-CoV-2 ARTIC V4",2022-01-18,"v4"
"7726","ERR13106302","SARS-CoV-2 ARTIC V4",2022-01-12,"v4"
"7741","ERR13106412","SARS-CoV-2 ARTIC V4",2022-01-23,"v4"
"7749","ERR13107149","SARS-CoV-2 ARTIC V4",2022-01-19,"v4"
"7752","ERR13107170","SARS-CoV-2 ARTIC V4",2022-02-03,"v4"
"7761","ERR13107202","SARS-CoV-2 ARTIC V4",2022-02-13,"v4"
"7763","ERR13107254","SARS-CoV-2 ARTIC V4",2022-02-07,"v4"
